Part Name,Sequence,Type
BBa_K2607001,CTTACGCTTCTGCCACATGTAATACGACTCACTATAGGGAGAAAAGAGGAGAAATACTAGATGATTAACCGTATTCGTGTTGTCACCCTTTTAGTTATGGTCCTGGGCGTGTTTGCTTTACTTCAGTTGATCTCTGGCAGTCTGTTTTTCTCCTCTTTGTTGGTCACGGGGGAGAGCTTAGAGCGTTTGCGCCGCGGATTAGCTGCTGGAACCTCTAACCCGGACCCGCCTACGGTGTCCACGGATCAACTGCTTCCACTTGGTGGGGGGCGCGATCGTAAGGTCCGCGACTTACAAGAAGCTGACTTAGACTTGTTACGCGTTACATTGTCCAGTAAGCCGCAGGCCTTAGCCACTCCCAATAAAGAGGAACATGGGAAGCGTAAGAAAAAAGGCAAGGGCCTGGGTAAGAAGCGCGACCCTTGCTTACGCAAGTACAAGGACTTTTGCATTCATGGAGAGTGCAAGTACGTGAAAGAGTTGCGCGCTCCTTCGTGTATCTGTCACCCAGGATACCACGGCGAACGCTGTCACGGTTTAAGCCTTCCAGTTGAAAACCGCCTGTACACTTACGACCATACTCAATGGCAACTGGCGGTGATTGCGCTTGTCGTTGTTTTAATCTTACTGGTGGCGTGGTACGGCATCCGTCGTATGCTGTTAACTCCGTTAGCTAAAATTATTGCGCATATCCGTGAGATTGCCGGGGGCAATCTTGCGAATACATTGACGATCGACGGACGTTCTGAAATGGGTGATCTTGCACAGAGCGTTTCTCACATGCAGCGCAGCTTGACGGATACTGTCACACACGTCCGCGAAGGTAGTGACGCAATCTATGCCGGGACTCGTGAGATTGCCGCAGGAAATACAGACTTATCATCCCGTACGGAGCAACAGGCGTCCGCGCTTGAGGAGACAGCGGCAAGCATGGAACAGTTAACCGCCACTGTCAAACAGAACGCTGATAATGCTCGCCAGGCGAGCCAACTGGCCCAATCCGCCTCAGACACTGCCCAACATGGTGGCAAAGTTGTCGACGGCGTTGTCAAAACTATGCACGAAATTGCTGATAGCAGTAAGAAGATCGCAGACATTATCAGTGTAATCGACGGGATTGCATTCCAAACTAATATTTTAGCTCTGAATGCCGCAGTTGAAGCGGCTCGTGCAGGTGAGCAAGGCCGTGGTTTTGCCGTTGTAGCAGGCGAGGTGCGCAACTTAGCATCACGTAGCGCGCAAGCAGCCAAAGAAATCAAGGCTTTGATCGAGGACTCGGTTTCACGTGTTGATACCGGTTCCGTCCTGGTGGAGTCAGCAGGGGAGACGATGAACAATATTGTAAACGCAGTTACACGTGTAACGGATATTATGGGGGAGATCGCGTCTGCCTCGGACGAGCAGAGCCGTGGTATCGATCAGGTCGCGTTAGCGGTCTCAGAAATGGATCGCGTGACCCAACAAAACGCAAGCCTGGTACAAGAGTCCGCTGCTGCGGCGGCTGCTTTGGAGGAACAAGCGAGCCGCCTGACTCAAGCCGTTTCTGCGTTCCGTTTAGCGGCGTCGCCCTTGACGAACAAGCCACAAACTCCGAGTCGCCCGGCATCGGAGCAACCCCCTGCCCAGCCTCGCCTTCGCATCGCCGAGCAAGATCCTAATTGGGAGACTTTCTAATAATAATAAGTCCAGGCATCAAATAAAACGAAAGGCTCAGTCGAAAGACTGGGCCTTTCGTTTTATCTGTTGTTTGTCGGTGAACGCTCTCTACTAGAGTCACACTGGCTCACCTTCGGGTGGGCCTTTCTGCGTTTATACGACATCATGCTCAGTCAGGGG,Composite
BBa_K2201004,ATGCGCCCGTATCCGACCATTGCGCTGATTAGCGTGTTTCTGAGCGCGGCGACCCGCATTAGCGCGACCAGCAGCCATCAGGCGAGCGCGCTGCCGGTGAAAAAAGGCACCCATGTGCCGGATAGCCCGAAACTGAGCAAACTGTATATTATGGCGAAAACCAAAAGCGTGAGCAGCAGCTTTGATCCGCCGCGCGGCGGCAGCACCGTGGCGCCGACCACCCCGCTGGCGACCGGCGGCGCGCTGCGCAAAGTGCGCCAGGCGGTGTTTCCGATTTATGGCAACCAGGAAGTGACCAAATTTCTGCTGATTGGCAGCATTAAATTTTTTATTATTCTGGCGCTGACCCTGACCCGCGATACCAAAGATACCCTGATTGTGACCCAGTGCGGCGCGGAAGCGATTGCGTTTCTGAAAATTTATGGCGTGCTGCCAGCGGCGACCGCGTTTATTGCGCTGTATAGCAAAATGAGCAACGCGATGGGCAAAAAAATGCTGTTTTATAGCACCTGCATTCCGTTTTTTACCTTTTTTGGCCTGTTTGATGTGTTTATTTATCCGAACGCGGAACGCCTGCATCCGAGCCTGGAAGCGGTGCAGGCGATTCTGCCGGGCGGCGCGGCGAGCGGCGGCATGGCGGTGCTGGCGAAAATTGCGACCCATTGGACCAGCGCGCTGTTTTATGTGATGGCGGAAATTTATAGCAGCGTGAGCGTGGGCCTGCTGTTTTGGCAGTTTGCGAACGATGTGGTGAACGTGGATCAGGCGAAACGCTTTTATCCGCTGTTTGCGCAGATGAGCGGCCTGGCGCCGGTGCTGGCGGGCCAGTATGTGGTGCGCTTTGCGAGCAAAGCGGTGAACTTTGAAGCGAGCATGCATCGCCTGACCGCGGCGGTGACCTTTGCGGGCATTATGATTTGCATTTTTTATCATCTGAGCAGCAGCTATGTGGAACGCACCGAAAGCGCGAAACCGGCGGCGGATAACGAACAGAGCATTAAACCGAAAAAAAAAAAACCGAAAATGAGCATGGTGGAAAGCGGCAAATTTCTGGCGAGCAGCCAGTATCTGCGCCTGATTGCGATGCTGGTGCTGGGCTATGGCCTGAGCATTAACTTTACCGAAATTATGTGGAAAAGCCTGGTGAAAAAACAGTATCCGGACCCGCTGGATTATCAGCGCTTTATGGGCAACTTTAGCAGCGCGGTGGGCCTGAGCACCTGCATTGTGATTTTTTTTGGCGTGCATGTGATTCGCCTGCTGGGCTGGAAAGTGGGCGCGCTGGCGACCCCGGGCATTATGGCGATTCTGGCGCTGCCGTTTTTTGCGTGCATTCTGCTGGGCCTGGATAGCCCGGCGCGCCTGGAAATTGCGGTGATTTTTGGCACCATTCAGAGCCTGCTGAGCAAAACCAGCAAATATGCGCTGTTTGATCCGACCACCCAGATGGCGTATATTCCGCTGGATGATGAAAGCAAAGTGAAAGGCAAAGCGGCGATTGATGTGCTGGGCAGCCGCATTGGCAAAAGCGGCGGCAGCCTGATTCAGCAGGGCCTGGTGTTTGTGTTTGGCAACATTATTAACGCGGCGCCGGTGGTGGGCGTGGTGTATTATAGCGTGCTGGTGGCGTGGATGAGCGCGGCGGGCCGCCTGAGCGGCCTGTTTCAGGCGCAGACCGAAATGGATAAAGCGGATAAAATGGAAGCGAAAACCAACAAAGAAAAATAA,Coding
BBa_K801060,GTACACAATGCGTCGTTCAGCAAACTACCAACCTTCAATTTGGGACCACGATTTTTTGCAGTCATTGAATAGCAACTATACGGATGAAGCATACAAAAGACGAGCAGAAGAGCTGAGGGGAAAAGTGAAGATAGCGATTAAGGATGTAATCGAGCCTCTGGATCAGTTGGACCTGATTGATAACTTGCAAAGACTTGGATTGGCTCATCGTTTTGAGACTGAGATTAGGAACATATTGAATAATATCTACAACAATAATAAAGATTATAATTGGAGAAAAGAAAATCTGTATGCAACCTCCCTTGAGTTTAGACTACTTAGACAACATGGCTATCCTGTTTCTCAAGAGGTTTTCAATGGTTTTAAAGACGACCAGGGAGGCTTCATTTGTGATGATTTCAAGGGAATACTGAGCTTGCATGAAGCTTCGTATTACAGCTTAGAAGGAGAAAGCATCATGGAGGAGGCCTGGCAATTTACCAGCAAACATCTTAAAGAAGTGATGATCAGCAAGAACATGGAAGAGGATGTATTTGTAGCAGAACAAGCGAAGCGTGCACTGGAACTGCCTCTGCATTGGAAAGTGCCAATGTTAGAGGCAAGGTGGTTCATACACATTTATGAGAGAAGAGAGGACAAGAACCACCTTTTACTTGAACTGGCTAAGATGGAGTTTAACACTTTGCAGGCAATTTACCAGGAAGAACTAAAAGAAATTTCAGGGTGGTGGAAGGATACAGGTCTTGGAGAGAAATTGAGCTTTGCGAGGAACAGGTTGGTAGCGTCCTTCTTATGGAGCATGGGGATCGCGTTTGAGCCTCAATTCGCCTATTGTCGGAGAGTGCTCACAATCTCGATAGCCCTAATTACAGTGATTGATGACATTTATGATGTCTATGGAACATTGGATGAACTTGAGATATTCACTGATGCTGTTGAGAGGTGGGACATCAATTATGCTTTGAAGCACCTTCCGGGCTATATGAAAATGTGTTTTCTTGCGCTTTACAACTTTGTTAATGAATTTGCTTATTACGTTCTCAAACAACAGGATTTTGATTTGCTTCTGAGCATAAAAAATGCATGGCTTGGCTTAATACAAGCCTACTTGGTGGAGGCGAAATGGTACCATAGCAAGTACACACCGAAACTGGAAGAATACTTGGAAAATGGATTGGTATCAATAACGGGCCCTTTAATTATAACGATTTCATATCTTTCTGGTACAAATCCAATCATTAAGAAGGAACTGGAATTTCTGGAAAGTAATCCAGATATAGTTCACTGGTCATCCAAGATTTTCCGTCTGCAAGATGATTTGGGAACTTCATCGGACGAGATACAGAGAGGGGATGTTCCGAAATCAATCCAGTGTTACATGCATGAAACTGGTGCCTCAGAGGAAGTTGCTCGTCAACACATCAAGGATATGATGAGACAGATGTGGAAGAAGGTGAATGCATACACAGCCGATAAAGACTCTCCCTTGACTGGAACAACTACTGAGTTCCTCTTGAATCTTGTGAGAATGTCCCATTTTATGTATCTACATGGAGATGGGCATGGTGTTCAAAACCAAGAGACTATCGATGTCGGTTTTACATTGCTTTTTCAGCCCATTCCCTTGGAGGACAAACACATGGCTTTCACAGCATCTCCTGGCACCAAAGGCACCGGCGCTTGGTCTCACCCGCAGTTCGAAAAATAA,Coding
BBa_K863000,TAATACGACTCACTATAGGGAGAGAGGAGAAAAATGAACCTAGAAAAATTTGTTGACGAGCTGCCAATTCCAGAAGTTGCGAAGCCCGTCAAAAAGAACCCAAAACAAACGTATTATGAAATCGCTATGGAGGAGGTATTTCTAAAAGTTCATAGAGATCTGCCCCCAACCAAGCTATGGACCTATAATGGCAGTTTGCCTGGTCCAACCATTCATGCGAATCGAAATGAAAAAGTCAAAGTGAAATGGATGAACAAATTGCCACTTAAGCATTTTCTACCGGTCGATCACACCATTCACGAAGGCCATCATGATGAACCAGAAGTTAAAACCGTCGTTCATTTACATGGTGGCGTCACACCAGCAAGCAGTGATGGCTATCCAGAGGCTTGGTTTTCACGAGACTTTGAAGCAACCGGCCCCTTCTTTGAACGGGAGGTGTACGAATACCCAAATCATCAGCAAGCCTGCACATTGTGGTATCACGATCATGCGATGGCATTGACACGATTAAATGTGTATGCCGGCTTAGCTGGATTTTATTTGATCTCAGATGCGTTTGAAAAGTCGCTAGAATTACCGAAGGGTGAGTATGATATTCCGCTAATGATCATGGACCGTACGTTTCAGGAGGATGGCGCACTGTTTTATCCAAGCAGGCCAAACAACACACCAGAAGACAGTGACATACCAGATCCGTCTATCGTGCCTTTCTTTTGCGGAGAAACCATTTTGGTCAATGGAAAAGTATGGCCGTATTTAGAAGTAGAGCCGCGAAAATATCGTTTTCGTATTTTAAATGCTTCCAATACAAGAACTTACGAGCTGCATCTTGACAACGATGCGACGATTTTGCAAATTGGATCTGATGGCGGCTTTTTACCAAGACCTGTTCACCATCAATCCTTTAGCATTGCTCCTGCTGAACGATTTGATGTCATCATCGATTTTTCAGCTTACGAAAACAAAACGATCACCCTTAAAAATAAAGCCGGCTGCGGACAGGAAGTAAATCCTGAAACAGATGCAAACATCATGCAATTTAAAGTCACTCGACCGCTAAAAGGGAGAGCACCTAAAACATTACGGCCTATTTTCAAACCGCTTCCACCACTTCGGCCTTGTCGAGCTGATAAAGAGCGTACGCTCACTCTTACCGGTACACAGGATAAATACGGCCGTCCTATTTTATTGCTAGATAACCAATTTTGGAATGACCCTGTCACGGAAAATCCTCGTCTTGGCAGTGTGGAGGTTTGGTCTATCGTCAATCCAACAAGGGGCACACATCCTATTCATTTACACCTTGTTCAATTCAGAGTGATAGACAGAAGACCATTTGATACTGAGGTCTATCAATCGACAGGGGACATTGTGTATACAGGACCAAACGAAGCACCTCCCTTACATGAACAAGGCTACAAGGACACCATTCAAGCGCATGCCGGTGAAGTCATTCGGATCATCGCTCGCTTTGTTCCATACAGCGGCAGGTATGTGTGGCATTGTCATATATTAGAGCACGAGGATTATGACATGATGCGGCCGATGGATATCATCCAGCATCACCATCACCATCACTAATAA,Coding
BBa_K808000,TTATGACAACTTGACGGCTACATCATTCACTTTTTCTTCACAACCGGCACGGAACTCGCTCGGGCTGGCCCCGGTGCATTTTTTAAATACCCGCGAGAAATAGAGTTGATCGTCAAAACCAACATTGCGACCGACGGTGGCGATAGGCATCCGGGTGGTGCTCAAAAGCAGCTTCGCCTGGCTGATACGTTGGTCCTCGCGCCAGCTTAAGACGCTAATCCCTAACTGCTGGCGGAAAAGATGTGACAGACGCGACGGCGACAAGCAAACATGCTGTGCGACGCTGGCGATATCAAAATTGCTGTCTGCCAGGTGATCGCTGATGTACTGACAAGCCTCGCGTACCCGATTATCCATCGGTGGATGGAGCGACTCGTTAATCGCTTCCATGCGCCGCAGTAACAATTGCTCAAGCAGATTTATCGCCAGCAGCTCCGAATAGCGCCCTTCCCCTTGCCCGGCGTTAATGATTTGCCCAAACAGGTCGCTGAAATGCGGCTGGTGCGCTTCATCCGGGCGAAAGAACCCCGTATTGGCAAATATTGACGGCCAGTTAAGCCATTCATGCCAGTAGGCGCGCGGACGAAAGTAAACCCACTGGTGATACCATTCGCGAGCCTCCGGATGACGACCGTAGTGATGAATCTCTCCTGGCGGGAACAGCAAAATATCACCCGGTCGGCAAACAAATTCTCGTCCCTGATTTTTCACCACCCCCTGACCGCGAATGGTGAGATTGAGAATATAACCTTTCATTCCCAGCGGTCGGTCGATAAAAAAATCGAGATAACCGTTGGCCTCAATCGGCGTTAAACCCGCCACCAGATGGGCATTAAACGAGTATCCCGGCAGCAGGGGATCATTTTGCGCTTCAGCCATACTTTTCATACTCCCGCCATTCAGAGAAGAAACCAATTGTCCATATTGCATCAGACATTGCCGTCACTGCGTCTTTTACTGGCTCTTCTCGCTAACCAAACCGGTAACCCCGCTTATTAAAAGCATTCTGTAACAAAGCGGGACCAAAGCCATGACAAAAACGCGTAACAAAAGTGTCTATAATCACGGCAGAAAAGTCCACATTGATTATTTGCACGGCGTCACACTTTGCTATGCCATAGCATTTTTATCCATAAGATTAGCGGATCCTACCTGACGCTTTTTATCGCAACTCTCTACTGTTTCTCCATACCCGTTTTTTGGGCTAAC,Regulatory
BBa_J04450,CAATACGCAAACCGCCTCTCCCCGCGCGTTGGCCGATTCATTAATGCAGCTGGCACGACAGGTTTCCCGACTGGAAAGCGGGCAGTGAGCGCAACGCAATTAATGTGAGTTAGCTCACTCATTAGGCACCCCAGGCTTTACACTTTATGCTTCCGGCTCGTATGTTGTGTGGAATTGTGAGCGGATAACAATTTCACACATACTAGAGAAAGAGGAGAAATACTAGATGGCTTCCTCCGAAGACGTTATCAAAGAGTTCATGCGTTTCAAAGTTCGTATGGAAGGTTCCGTTAACGGTCACGAGTTCGAAATCGAAGGTGAAGGTGAAGGTCGTCCGTACGAAGGTACCCAGACCGCTAAACTGAAAGTTACCAAAGGTGGTCCGCTGCCGTTCGCTTGGGACATCCTGTCCCCGCAGTTCCAGTACGGTTCCAAAGCTTACGTTAAACACCCGGCTGACATCCCGGACTACCTGAAACTGTCCTTCCCGGAAGGTTTCAAATGGGAACGTGTTATGAACTTCGAAGACGGTGGTGTTGTTACCGTTACCCAGGACTCCTCCCTGCAAGACGGTGAGTTCATCTACAAAGTTAAACTGCGTGGTACCAACTTCCCGTCCGACGGTCCGGTTATGCAGAAAAAAACCATGGGTTGGGAAGCTTCCACCGAACGTATGTACCCGGAAGACGGTGCTCTGAAAGGTGAAATCAAAATGCGTCTGAAACTGAAAGACGGTGGTCACTACGACGCTGAAGTTAAAACCACCTACATGGCTAAAAAACCGGTTCAGCTGCCGGGTGCTTACAAAACCGACATCAAACTGGACATCACCTCCCACAACGAAGACTACACCATCGTTGAACAGTACGAACGTGCTGAAGGTCGTCACTCCACCGGTGCTTAATAACGCTGATAGTGCTAGTGTAGATCGCTACTAGAGCCAGGCATCAAATAAAACGAAAGGCTCAGTCGAAAGACTGGGCCTTTCGTTTTATCTGTTGTTTGTCGGTGAACGCTCTCTACTAGAGTCACACTGGCTCACCTTCGGGTGGGCCTTTCTGCGTTTATA,Reporter
BBa_K3128009,CAATACGCAAACCGCCTCTCCCCGCGCGTTGGCCGATTCATTAATGCAGCTGGCACGACAGGTTTCCCGACTGGAAAGCGGGCAGTGAGCGCAACGCAATTAATGTGAGTTAGCTCACTCATTAGGCACCCCAGGCTTTACACTTTATGCTTCCGGCTCGTATGTTGTGTGGAATTGTGAGCGGATAACAATTTCACACATACTAGAGAAAGAGGAGAAATACTAGAGAGATCTATGGCTTCCTCCGAAGACGTTATCAAAGAGTTCATGCGTTTCAAAGTTCGTATGGAAGGTTCCGTTAACGGTCACGAGTTCGAAATCGAAGGTGAAGGTGAAGGTCGTCCGTACGAAGGTACCCAGACCGCTAAACTGAAAGTTACCAAAGGTGGTCCGCTGCCGTTCGCTTGGGACATCCTGTCCCCGCAGTTCCAGTACGGTTCCAAAGCTTACGTTAAACACCCGGCTGACATCCCGGACTACCTGAAACTGTCCTTCCCGGAAGGTTTCAAATGGGAACGTGTTATGAACTTCGAAGACGGTGGTGTTGTTACCGTTACCCAGGACTCCTCCCTGCAAGACGGTGAGTTCATCTACAAAGTTAAACTGCGTGGTACCAACTTCCCGTCCGACGGTCCGGTTATGCAGAAAAAAACCATGGGTTGGGAAGCTTCCACCGAACGTATGTACCCGGAAGACGGTGCTCTGAAAGGTGAAATCAAAATGCGTCTGAAACTGAAAGACGGTGGTCACTACGACGCTGAAGTTAAAACCACCTACATGGCTAAAAAACCGGTTCAGCTGCCGGGTGCTTACAAAACCGACATCAAACTGGACATCACCTCCCACAACGAAGACTACACCATCGTTGAACAGTACGAACGTGCTGAAGGTCGTCACTCCACCGGTGCTTAAGGATCCTACTAGAGCCAGGCATCAAATAAAACGAAAGGCTCAGTCGAAAGACTGGGCCTTTCGTTTTATCTGTTGTTTGTCGGTGAACGCTCTCTACTAGAGTCACACTGGCTCACCTTCGGGTGGGCCTTTCTGCGTTTATA,Reporter
BBa_K857000,ATGAGTAAGCGTAAAGTCGCCATTATCGGTTCTGGCAACATTGGCACCGATCTGATGATTAAAATTTTGCGTCACGGTCAGCATCTGGAGATGGCGGTGATGGTCGGCATTGATCCTCAGTCCGACGGTCTGGCGCGTGCCAGACGTATGGGCGTCGCCACCACCCATGAAGGGGTGATCGGGCTGATGAACATGCCTGAATTTGCTGATATCGACATTGTATTTGATGCGACCAGCGCGGGCGCGCATGTGAAAAACGATGCCGCTTTACGCGAAGCGAAACCGGATATTCGCTTAATTGACCTGACGCCTGCTGCCATCGGCCCTTACTGCGTGCCGGTGGTTAACCTCGAGGCGAACGTCGATCAACTGAACGTCAACATGGTCACCTGCGGCGGCCAGGCCACCATTCCAATGGTGGCGGCAGTTTCACGCGTGGCGCGTGTTCATTACGCCGAAATTATCGCTTCTATCGCCAGTAAATCTGCCGGACCTGGCACGCGTGCCAATATCGATGAATTTACGGAAACCACTTCCCGAGCCATTGAAGTGGTGGGCGGCGCGGCAAAAGGGAAGGCGATTATTGTGCTTAACCCAGCAGAGCCACCGTTGATGATGCGTGACACGGTGTATGTATTGAGCGACGAAGCTTCACAAGATGATATCGAAGCCTCAATCAATGAAATGGCTGAGGCGGTGCAGGCTTACGTACCGGGTTATCGCCTGAAACAGCGCGTGCAGTTTGAAGTTATCCCGCAGGATAAACCGGTCAATTTACCGGGCGTGGGGCAATTCTCCGGACTGAAAACAGCGGTCTGGCTGGAAGTCGAAGGCGCAGCGCATTATCTGCCTGCCTATGCGGGCAACCTCGACATTATGACTTCCAGTGCGCTGGCGACAGCGGAAAAAATGGCCCAGTCACTGGCGCGCAAGGCAGGAGAAGCGGCATGA,Coding
BBa_K2926081,ATGATGCTGAAAAAAATCCTGAAAATCGAAGAGCTGGATGAACGTGAACTGATCGATATTGAGGTGTCCGGTAACCACCTGTTTTACGCTAACGATATTCTGACCCACAACTCTTCTTCTCCAGTCACAGAAAAGCATCTTACGGATGGCATGACAGTAAGAGAATTATGCAGTGCTGCCATAACCATGAGTGATAACACTGCGGCCAACTTACTTCTGACAACGATCGGAGGACCGAAGGAGCTAACCGCTTTTTTGCACAACATGGGGGATCATGTAACTCGCCTTGATCGTTGGGAACCGGAGCTGAATGAAGCCATACCAAACGACGAGCGTGACACCACGATGCCTACAGCAATGGCAACAACGTTGCGCAAACTATTAACTGGCGAACTACTTACTCTAGCTTCCCGGCAACAATTAATAGACTGGATGGAGGCGGATAAAGTTGCAGGACCACTTCTGCGCTCGGCCCTTCCGGCTGGCTGGTTTATTGCTGATAAATCTGGAGCCGGTGAGCGTGGGTCTCGCGGTATCATTGCAGCACTGGGGCCAGATGGTAAGCCCTCCCGTATCGTAGTTATCTACACGACGGGGAGTCAGGCAACTATGGATGAACGAAATAGACAGATCGCTGAGATAGGTGCCTCACTGATTAAGCATTGGTAA,Coding
BBa_K2926078,ATGAGCCATATTCAACGGGAAACGTCTTGCTCTAGGCCGCGATTAAATTCCAACATGGATGCTGATTTATATGGGTATAAATGGGCTCGCGATAATGTCGGGCAATCAGGTGCGACAATCTATCGATTGTATGGGAAGCCCGATGCGCCAGAGTTGTTTCTGAAACATGGCAAAGGTAGCGTTGCCAATGATGTTACAGATGAGATGGTCAGACTAAACTGGCTGACGGAATTTATGCCTCTTCCGACCATCAAGCATTTTATCCGTACTCCTGATGATGCATGGTTACTCACCACTGCGATCCCCGGGAAAACAGCATTCCAGGTATTAGAAGAATATCCTGATTCAGGTGAATCTGGTTACTGCTTGGATCTGAAAACCCAGGTTCAGACCCCGCAGGGTATGAAGGAAATTTCCAACATCCAGGTCGGTGATCTGGTACTGAGCAACACGGGTTACAACGAAGTTCTGAACGTCTTCCCGAAATCTAAAAAAAAGTCTTACAAAATCACCCTGGAAGATGGCAAGGAAATCATCTGTTCCGAAGAACACCTGTTTCCGACGCAGACTGGTGAAATGAACATCTCCGGTGGTCTGAAAGAAGGTATGTGTCTGTATGTTAAAGAATAA,Coding
BBa_K2926080,ATGAGTATTCAACATTTCCGTGTCGCCCTTATTCCCTTTTTTGCGGCATTTTGCCTTCCTGTTTTTGCTCACCCAGAAACGCTGGTGAAAGTAAAAGATGCTGAAGATCAGTTGGGTGCACGAGTGGGTTACATCGAACTGGATCTCAACAGCGGTAAGATCCTTGAGAGTTTTCGCCCCGAAGAACGTTTTCCAATGATGAGCACTTTTAAAGTTCTGCTATGTGGCGCGGTATTATCCCGTGTTGACGCCGGGCAAGAGCAACTCGGTCGCCGCATACACTATTCTCAGAATGACTTGGTTGAGTACTCATCTGGTTACTGCTTGGATCTGAAAACCCAGGTTCAGACCCCGCAGGGTATGAAGGAAATTTCCAACATCCAGGTCGGTGATCTGGTACTGAGCAACACGGGTTACAACGAAGTTCTGAACGTCTTCCCGAAATCTAAAAAAAAGTCTTACAAAATCACCCTGGAAGATGGCAAGGAAATCATCTGTTCCGAAGAACACCTGTTTCCGACGCAGACTGGTGAAATGAACATCTCCGGTGGTCTGAAAGAAGGTATGTGTCTGTATGTTAAAGAATAA,Coding
BBa_K2926077,ATGATCAAAATAGCCACACGTAAATATTTAGGCAAACAAAATGTCTATGACATTGGAGTTGAGCGCGACCATAATTTTGCACTCAAAAATGGCTTCATAGCTTCTAACTGCATGAAAGACGGTGAGCTGGTGATATGGGATAGTGTTCACCCTTGTTACACCGTTTTCCATGAGCAAACTGAAACGTTTTCATCGCTCTGGAGTGAATACCACGACGATTTCCGGCAGTTTCTACACATATATTCGCAAGATGTGGCGTGTTACGGTGAAAACCTGGCCTATTTCCCTAAAGGGTTTATTGAGAATATGTTTTTCGTCTCAGCCAATCCCTGGGTGAGTTTCACCAGTTTTGATTTAAACGTGGCCAATATGGACAACTTCTTCGCCCCCGTTTTCACCATGGGCAAATATTATACGCAAGGCGACAAGGTGCTGATGCCGCTGGCGATTCAGGTTCATCATGCCGTTTGTGATGGCTTCCATGTCGGCAGAATGCTTAATGAATTACAACAGTACTGCGATGAGTGGCAGGGCGGGGCGTAA,Coding
BBa_K2926076,ATGGAGAAAAAAATCACTGGATATACCACCGTTGATATATCCCAATGGCATCGTAAAGAACATTTTGAGGCATTTCAGTCAGTTGCTCAATGTACCTATAACCAGACCGTTCAGCTGGATATTACGGCCTTTTTAAAGACCGTAAAGAAAAATAAGCACAAGTTTTATCCGGCCTTTATTCACATTCTTGCCCGCCTGATGAATGCTCATCCGGAATTTCGTATGGCATGCTTAAGCTATGAAACGGAAATATTGACAGTAGAATATGGATTATTACCGATTGGTAAAATTGTAGAAAAGCGCATCGAATGTACTGTTTATAGCGTTGATAATAATGGAAATATTTATACACAACCTGTAGCACAATGGCACGATCGCGGAGAACAAGAGGTGTTTGAGTATTGTTTGGAAGATGGTTCATTGATTCGGGCAACAAAAGACCATAAGTTTATGACTGTTGATGGTCAAATGTTGCCAATTGATGAAATATTTGAACGTGAATTGGATTTGATGCGGGTTGATAATTTGCCGAATTAA,Coding
BBa_K2637014,CTAAGGTTACCAAGGCTGCTCAAAAGGCTGCTAAGAAATAAGGAGATTGATAAGACTTTTCTAGTTGCATATCTTTTATATTTAAATCTTATCTATTAGTTAATTTTTTGTAATTTATCCTTATATATAGTCTGGTTATTCTAAAATATCATTTCAGTATCTAAAAATTCCCCTCTTTTTTCAGTTATATCTTAACAGGCGACAGTCCAAATGTTGATTTATCCCAGTCCGATTCATCAGGGTTGTGAAGCATTTTGTCAATGGTCGAAATCACATCAGTAATAGTGCCTCTTACTTGCCTCATAGAATTTCTTTCTCTTAACGTCACCGTTTGGTCTTTTATAGTTTCGAAATCTATGGTGATACCAAATGGTGTTCCCAATTCATCGTTACGGGCGTATTTTTTACCAATTGAAGTATTGGAATCGTCAATTTTAAAGTATATCTCTCTTTTACGTAAAGCCTGCGAGATCCTC,Terminator
BBa_K3187028,ATGCAAGCTAAACCTCAAATTCCGAAAGATAAATCAAAAGTGGCAGGCTATATTGAAATTCCAGATGCTGATATTAAAGAACCAGTATATCCAGGACCAGCAACACGCGAACAATTAAATAGAGGTGTAAGCTTTGCAAAAGAAAATCAATCACTAGATGATCAAAATATTTCAATTGCAGGACACACTTTCATTGACCGTCCGAACTATCAATTTACAAATCTTAAAGCAGCCAAAAAAGGTAGTATGGTGTACTTTAAAGTTGGTAATGAAACACGTAAGTATAAAATGACAAGTATAAGAAACGTTAAGCCAACAGCTGTAGAAGTTCTTGATGAACAAAAAGGTAAAGATAAACAATTAACATTAATTACTTGTGATGATTACAATGAAGAGACAGGCGTTTGGGAAACACGTAAAATCTTTGTAGCTACAGAAGTCAAACTCGAG,Coding
BBa_I0500,ACTTTTCATACTCCCGCCATTCAGAGAAGAAACCAATTGTCCATATTGCATCAGACATTGCCGTCACTGCGTCTTTTACTGGCTCTTCTCGCTAACCAAACCGGTAACCCCGCTTATTAAAAGCATTCTGTAACAAAGCGGGACCAAAGCCATGACAAAAACGCGTAACAAAAGTGTCTATAATCACGGCAGAAAAGTCCACATTGATTATTTGCACGGCGTCACACTTTGCTATGCCATAGCATTTTTATCCATAAGATTAGCGGATCCTACCTGACGCTTTTTATCGCAACTCTCTACTGTTTCTCCATACCCGTTTTTTTGGGCTAGC,Regulatory
BBa_K2637016,TAAGGAATTGCCAGGTGTTGCTTTCTTATCCGAAAAGAAATAAATTGAATTGAATTGAAATCGATAGATCAATTTTTTTCTTTTCTCTTTCCCCATCCTTTACGCTAAAATAATAGTTTATTTTATTTTTTGAATATTTTTTATTTATATACGTATATATAGACTATTATTTATCTTTTAATGATTATTAAGATTTTTATTAAAAAAAAATTCGCTCCTCTTTTAATGCCTTTATGCAGTTTTTTTTTCCCATTCGATATTTCTATGTTCGGGTTCAGCGTATTT,Terminator
BBa_K2637017,TCGCCCGTACATTCATGTAATTAGTTATGTCACGCTTACATTCACGCCCTCCTCCCACATCCGCTCTAACCGAAAAGGAAGGAGTTAGACAACCTGAAGTCTAGGTCCCTATTTATTTTTTTTAATAGTTATGTTAGTATTAAGAACGTTATTTATATTTCAAATTTTTCTTTTTTTTCTGTACAAACGCGTGTACGCATGTAACATTATACTGAAAACCTTGCTTGAGAAGGTTTTGGGACGCTCGAAGGCTTTAGATCT,Terminator
BBa_K2607000,CTTACGCTTCTGCCACATGAGCGGATTATATAAGGAGGTTAATCATGAACGGTGTTCACGCTAACCTGCACGTTGCTTTCCACCGTTCTTCTTCTGAAAAAATCCACTCTAACGAAATCTCTTCTGACTCTATCGGTGTTCTGGGTTACCAGAAAACCGTTGACCACACCAAAGTTAACTCTAAACTGTCTCTGTTCTTCGAAATCAAATCTCACCATCACCATCACCATTAATAAGCTCAGTCAGGGGCTATG,Protein_Domain
BBa_R0010,CAATACGCAAACCGCCTCTCCCCGCGCGTTGGCCGATTCATTAATGCAGCTGGCACGACAGGTTTCCCGACTGGAAAGCGGGCAGTGAGCGCAACGCAATTAATGTGAGTTAGCTCACTCATTAGGCACCCCAGGCTTTACACTTTATGCTTCCGGCTCGTATGTTGTGTGGAATTGTGAGCGGATAACAATTTCACACA,Regulatory
BBa_K2560035,CCAGGCATCAAATAAAACGAAAGGCTCAGTCGAAAGACTGGGCCTTTCGTTTTATCTGTTGTTTGTCGGTGAACGCTCTCTACTAGAGTCACACTGGCTCACCTTCGGGTGGGCCTTTCTGCGTTTATA,Terminator
BBa_B0015,CCAGGCATCAAATAAAACGAAAGGCTCAGTCGAAAGACTGGGCCTTTCGTTTTATCTGTTGTTTGTCGGTGAACGCTCTCTACTAGAGTCACACTGGCTCACCTTCGGGTGGGCCTTTCTGCGTTTATA,Terminator
BBa_K2560081,AAACTCAGTTGTAGTAACGAGCGGATAGATTCCCAGACCCACCTTCACGGGCGGTAGCAGGACCTCAATAATAGGATTTTCG,Terminator
BBa_K2560034,CCAGGCATCAAATAAAACGAAAGGCTCAGTCGAAAGACTGGGCCTTTCGTTTTATCTGTTGTTTGTCGGTGAACGCTCTC,Terminator
BBa_R0062,ACCTGTAGGATCGTACAGGTTTACGCAAGAAAATGGTTTGTTATAGTCGAATAAA,Regulatory
BBa_K3202021,CTTGTCATCATCACCACCATCATTAGGATGGTGGTGATGATAATG,RBS
BBa_K2560093,AAAAAAAAAAACCCCGCCCCTGACAGGGCGGGGTTTTTTTT,Terminator
BBa_K3202026,GGTTCTGGTACCGCAGTACACCTAAGGAGGTGTACAGC,RBS
BBa_K2560091,AACGCCAAAAACCCCGCTTCGGCGGGGTTTTTCCGC,Terminator
BBa_K2560089,AACGCAAAAAACCCCGCTTCGGCGGGGTTTTTTCGC,Terminator
BBa_J23100,TTGACGGCTAGCTCAGTCCTAGGTACAGTGCTAGC,Regulatory
BBa_J23106,TTTACGGCTAGCTCAGTCCTAGGTATAGTGCTAGC,Regulatory
BBa_J23101,TTTACAGCTAGCTCAGTCCTAGGTATTATGCTAGC,Regulatory
BBa_J23114,TTTATGGCTAGCTCAGTCCTAGGTACAATGCTAGC,Regulatory
BBa_J23118,TTGACGGCTAGCTCAGTCCTAGGTATTGTGCTAGC,Regulatory
BBa_J23105,TTACGGCAGCCAGCCAGGTACTATGCTAGC,Regulatory
BBa_K2560016,AGAGATTAAAGAGGAGAAATAATC,RBS
BBa_K2560084,AGAGTGTCAGGATACCCGATAATC,RBS
BBa_K2560013,AGAGTCACACAGGAAACCTAATC,RBS
BBa_K2560010,AGAGTCACACAGGAAAGTAATC,RBS
BBa_K2560008,AGAGAAAGAGGAGAAATAATC,RBS
BBa_B0030,ATTAAAGAGGAGAAA,RBS
BBa_B0034,AAAGAGGAGAAA,RBS
BBa_K3202028,AAAGAGGAGAAA,RBS
